timestamp,trade_price,trade_size,bid,ask,contract
2026-05-22T09:00:05+02:00,18000.0,121,17999.5,18000.0,FDAX
2026-05-22T09:00:35+02:00,18000.0,122,17999.5,18000.0,FDAX
2026-05-22T09:01:00+02:00,18000.5,10,18000.0,18000.5,FDAX
2026-05-22T09:01:20+02:00,18001.0,30,18000.5,18001.0,FDAX
2026-05-22T09:02:00+02:00,18000.5,8,18000.0,18000.5,FDAX
2026-05-22T09:02:20+02:00,18001.0,12,18001.0,18001.5,FDAX
2026-05-22T09:03:00+02:00,18001.0,10,18001.0,18001.5,FDAX
2026-05-22T09:04:05+02:00,18001.5,130,18001.0,18001.5,FDAX
2026-05-22T09:04:35+02:00,18001.5,130,18001.0,18001.5,FDAX
2026-05-22T09:05:00+02:00,18002.0,12,18001.5,18002.0,FDAX
2026-05-22T09:05:30+02:00,18001.5,30,18001.5,18002.0,FDAX
2026-05-22T09:06:00+02:00,18001.0,10,18001.0,18001.5,FDAX
2026-05-22T09:07:05+02:00,18000.0,127,17999.5,18000.0,FDAX
2026-05-22T09:07:35+02:00,18000.0,128,17999.5,18000.0,FDAX
2026-05-22T09:08:00+02:00,18000.5,12,18000.0,18000.5,FDAX
2026-05-22T09:08:30+02:00,18001.0,28,18000.5,18001.0,FDAX
2026-05-22T09:09:00+02:00,18001.5,10,18001.0,18001.5,FDAX
2026-05-22T09:09:30+02:00,18001.0,16,18001.0,18001.5,FDAX
2026-05-22T09:10:00+02:00,18002.0,10,18002.0,18002.5,FDAX
